id,userName,pswrd,userId
1,pAns,$2y$12$Lk.oMtGb3WXX2v.hCxHj5.g1CfV7hB97V5UbLVwQJZjatJCKAcwR2,1
2,aMeri,$2y$12$Tb6/LI7YBB12jQCYSBWdEeVJRduqxynd.oyrss13ss2ICM2LowaUK,2
3,jLaar,$2y$12$9nexxiBGwGRBXAOZU2gQSuQV6.wwyRDvdTAgf5LplqicpQZpUdcxm,3
4,huRudel,$2y$12$1f4fVVXxDBPD1unZdSOtHuzCdXrUU.kH5phU7bNbVNrhkJDYPoflO,4
5,mHetz,$2y$12$U2xAKFt6xi7IWewqSQPy7Ohg9aUc2sSr.l8nNCODB6e.zc0pa7XSS,5
6,jUstim,$2y$12$tuymC6F.RQzm3hpQgLCFC.Oe988E2Yogq1AXP5oYsB3Upy0cXlBmm,6
7,sJhn,$2y$12$Pt4i8KduKE5iqKbKma62zeXIM.SyuW/kgZCXGBlT00QhZ2QYlSKzi,7
8,tTeet,$2y$12$NphOs4pL9bDe/cwIaOeI4eWZw6FCN3SwcS3ZFZmDDLW1vwYrnXjHy,8
9,aVrm,$2y$12$NphOs4pL9bDe/cwIaOeI4eWZw6FCN3SwcS3ZFZmDDLW1vwYrnXjHy,9
